DROP TABLE IF EXISTS Foods;
CREATE TABLE Foods (
    id INT PRIMARY KEY AUTO_INCREMENT NOT NULL,
    name VARCHAR(255) NOT NULL,
    quantity FLOAT NOT NULL,
    units VARCHAR(255) NOT NULL,
    kcal INT NOT NULL,
    added_by VARCHAR(32) NOT NULL,
    created_at DATETIME DEFAULT CURRENT_TIMESTAMP
);

DROP TABLE IF EXISTS Consumed_Foods;
CREATE TABLE Consumed_Foods (
    id INT PRIMARY KEY AUTO_INCREMENT NOT NULL,
    food_id INT NOT NULL,
    quantity FLOAT NOT NULL,
    kcal INT NOT NULL,
    date_consumed DATE NOT NULL,
    FOREIGN KEY (food_id) REFERENCES Foods(id)
);

DROP TABLE IF EXISTS Daily_Kcal;
CREATE TABLE Daily_Kcal (
    id INT PRIMARY KEY AUTO_INCREMENT NOT NULL,
    kcal INT NOT NULL,
    date DATE NOT NULL
);

DROP TABLE IF EXISTS Kcal_Logs;
CREATE TABLE Kcal_Logs (
    id INT PRIMARY KEY AUTO_INCREMENT NOT NULL,
    kcal INT NOT NULL,
    date DATE NOT NULL
);

INSERT INTO Foods (id,name,quantity,units,kcal,added_by,created_at) VALUES (1,'Almonds',100.0,'grams','641','api','2025-03-21 22:50:48'),
 (2,'Apple',100.0,'grams','51','api','2025-03-21 22:50:48'),
 (3,'Apricot',100.0,'grams','42','api','2025-03-21 22:50:48'),
 (4,'Bacon streaky',100.0,'grams','212','api','2025-03-21 22:50:48'),
 (5,'Banana',100.0,'grams','89','api','2025-03-21 22:50:48'),
 (6,'Basil',100.0,'grams','23','api','2025-03-21 22:50:48'),
 (7,'Bean salad',1.0,'half can','139','api','2025-03-21 22:50:48'),
 (8,'Beef mince 10% fat',100.0,'grams','175','api','2025-03-21 22:50:48'),
 (9,'Beef mince 20% fat',100.0,'grams','250','api','2025-03-21 22:50:48'),
 (10,'Beef mince 5% fat',100.0,'grams','170','api','2025-03-21 22:50:48'),
 (11,'Beetroot',100.0,'grams','63','api','2025-03-21 22:50:48'),
 (12,'Blueberries',100.0,'grams','58','api','2025-03-21 22:50:48'),
 (13,'Breadstick',1.0,'','25','api','2025-03-21 22:50:48'),
 (14,'Broccoli',100.0,'grams','34','api','2025-03-21 22:50:48'),
 (15,'Butter',100.0,'grams','717','api','2025-03-21 22:50:48'),
 (16,'Butter beans',1.0,'half can','123','api','2025-03-21 22:50:48'),
 (17,'Carrot raw',100.0,'grams','40','api','2025-03-21 22:50:48'),
 (18,'Cauliflower boiled',100.0,'grams','29','api','2025-03-21 22:50:48'),
 (19,'Celery',100.0,'grams','14','api','2025-03-21 22:50:48'),
 (20,'Cheese',100.0,'grams','416','api','2025-03-21 22:50:48'),
 (21,'Cheesecake',100.0,'grams','321','api','2025-03-21 22:50:48'),
 (22,'Chicken breast cooked',100.0,'grams','165','api','2025-03-21 22:50:48'),
 (23,'Chicken thigh cooked',100.0,'grams','176','api','2025-03-21 22:50:48'),
 (24,'Chocolate milk',100.0,'grams','600','api','2025-03-21 22:50:48'),
 (25,'Chocolate white',100.0,'grams','540','api','2025-03-21 22:50:48'),
 (26,'Coconut',100.0,'grams','354','api','2025-03-21 22:50:49'),
 (27,'Corn baby',100.0,'grams','28','api','2025-03-21 22:50:49'),
 (28,'Couscous',100.0,'grams','376','api','2025-03-21 22:50:49'),
 (30,'Cucumber raw',100.0,'grams','14','api','2025-03-21 22:50:49'),
 (31,'Duck fat',100.0,'grams','900','api','2025-03-21 22:50:49'),
 (32,'Egg med.',1.0,'','63','api','2025-03-21 22:50:49'),
 (33,'Fat chicken',100.0,'grams','900','api','2025-03-21 22:50:49'),
 (34,'Fish fingers',3.0,'','163','api','2025-03-21 22:50:49'),
 (35,'Flour white',100.0,'grams','364','api','2025-03-21 22:50:49'),
 (36,'Golden syrup',100.0,'grams','348','api','2025-03-21 22:50:49'),
 (38,'Green beans cooked',100.0,'grams','26','api','2025-03-21 22:50:49'),
 (39,'Ham',100.0,'grams','177','api','2025-03-21 22:50:49'),
 (40,'Honey',100.0,'grams','304','api','2025-03-21 22:50:49'),
 (41,'Hummus',1.0,'tsp','9','api','2025-03-21 22:50:49'),
 (42,'Ketchup',100.0,'grams','97','api','2025-03-21 22:50:49'),
 (43,'Kiwi',100.0,'grams','60','api','2025-03-21 22:50:49'),
 (44,'Leek',100.0,'grams','32','api','2025-03-21 22:50:49'),
 (45,'Lettuce',100.0,'grams','14','api','2025-03-21 22:50:49'),
 (46,'Mackeral tin spring water',1.0,'tin','176','api','2025-03-21 22:50:49'),
 (47,'Mayo hellman''s light',100.0,'grams','269','api','2025-03-21 22:50:49'),
 (48,'Mayonnaise',1.0,'tbsp','90','api','2025-03-21 22:50:49'),
 (49,'Milk',100.0,'grams','46','api','2025-03-21 22:50:49'),
 (50,'Milk oat',100.0,'grams','59','api','2025-03-21 22:50:49'),
 (51,'Milk skimmed',100.0,'grams','35','api','2025-03-21 22:50:49'),
 (52,'Milk whole',100.0,'grams','63','api','2025-03-21 22:50:49'),
 (53,'Mini sausages',5.0,'','89','api','2025-03-21 22:50:49'),
 (54,'Mushroom',100.0,'grams','22','api','2025-03-21 22:50:49'),
 (55,'Nectarine',100.0,'grams','43','api','2025-03-21 22:50:49'),
 (57,'Nuts wal',100.0,'grams','701','api','2025-03-21 22:50:49'),
 (58,'Oats',100.0,'grams','379','api','2025-03-21 22:50:49'),
 (59,'Oil olive',1.0,'tbsp','119','api','2025-03-21 22:50:49'),
 (60,'Oil sesame',1.0,'tbsp','120','api','2025-03-21 22:50:49'),
 (61,'Oil vegetable',1.0,'tbsp','124','api','2025-03-21 22:50:49'),
 (62,'Oil vegetable',100.0,'grams','886','api','2025-03-21 22:50:49'),
 (63,'Olive',100.0,'grams','130','api','2025-03-21 22:50:49'),
 (64,'Onion',100.0,'grams','40','api','2025-03-21 22:50:49'),
 (65,'Orange',100.0,'grams','45','api','2025-03-21 22:50:49'),
 (66,'Pasta cooked',100.0,'grams','158','api','2025-03-21 22:50:49'),
 (67,'Pasta raw',100.0,'grams','371','api','2025-03-21 22:50:49'),
 (68,'Peach',100.0,'grams','33','api','2025-03-21 22:50:49'),
 (69,'Peach',100.0,'grams','39','api','2025-03-21 22:50:49'),
 (70,'Peanut butter smooth',15.0,'grams','95','api','2025-03-21 22:50:49'),
 (71,'Peas frozen',100.0,'grams','81','api','2025-03-21 22:50:49'),
 (72,'Peas snap',100.0,'grams','34','api','2025-03-21 22:50:49'),
 (73,'Pepper red',100.0,'grams','31','api','2025-03-21 22:50:49'),
 (74,'Pineapple tinned',0.5,'can','108','api','2025-03-21 22:50:49'),
 (75,'Plum',100.0,'grams','46','api','2025-03-21 22:50:49'),
 (76,'Potato boiled',100.0,'grams','72','api','2025-03-21 22:50:49'),
 (77,'Potato raw',100.0,'grams','77','api','2025-03-21 22:50:49'),
 (78,'Potato roasted',100.0,'grams','149','api','2025-03-21 22:50:49'),
 (79,'Rice cooked',100.0,'grams','120','api','2025-03-21 22:50:49'),
 (80,'Rice raw',100.0,'grams','350','api','2025-03-21 22:50:49'),
 (81,'Sausages',2.0,'','189','api','2025-03-21 22:50:49'),
 (82,'Scallion',100.0,'grams','32','api','2025-03-21 22:50:49'),
 (83,'Seafood cocktail',47.0,'grams','88','api','2025-03-21 22:50:49'),
 (84,'Seeds chia',100.0,'grams','450','api','2025-03-21 22:50:49'),
 (85,'Seeds pumpkin',100.0,'grams','541','api','2025-03-21 22:50:49'),
 (86,'Seeds sunflower',100.0,'grams','576','api','2025-03-21 22:50:49'),
 (87,'Spam',100.0,'grams','292','api','2025-03-21 22:50:49'),
 (88,'Squash butternut',100.0,'grams','45','api','2025-03-21 22:50:49'),
 (89,'Sugar brown',100.0,'grams','380','api','2025-03-21 22:50:49'),
 (90,'Sugar white',100.0,'grams','378','api','2025-03-21 22:50:49'),
 (91,'Sultanas',100.0,'grams','299','api','2025-03-21 22:50:49'),
 (92,'Sweet potato',100.0,'grams','86','api','2025-03-21 22:50:49'),
 (94,'Sweetcorn',100.0,'grams','86','api','2025-03-21 22:50:49'),
 (95,'Syrup golden',100.0,'grams','348','api','2025-03-21 22:50:49'),
 (96,'Tangerine',100.0,'grams','53','api','2025-03-21 22:50:49'),
 (97,'Tofu',100.0,'grams','145','api','2025-03-21 22:50:49'),
 (98,'Tomato passata',100.0,'grams','28','api','2025-03-21 22:50:49'),
 (99,'Tomato raw',100.0,'grams','19','api','2025-03-21 22:50:49'),
 (100,'Tomato tinned',100.0,'grams','32','api','2025-03-21 22:50:49'),
 (101,'Tomato tinned whole',100.0,'grams','25','api','2025-03-21 22:50:49'),
 (103,'Mustard',100.0,'grams','192','api','2025-03-21 22:50:49'),
 (104,'Cabbage',100.0,'grams','24','api','2025-03-21 22:50:49'),
 (105,'Chicken pie',1.0,'Sixth','303','user','2025-03-21 22:59:25'),
 (106,'Pasta, egg, coop',150.0,'grams','342','user','2025-03-21 23:01:04'),
 (107,'Ham chunks',100.0,'grams','159','user','2025-03-21 23:01:44'),
 (108,'Egg yolk',100.0,'grams','322','user','2025-03-21 23:02:24'),
 (110,'Popcorn',100.0,'grams','576','user','2025-03-21 23:04:04'),
 (111,'Roll, wholewheat, Morrisons',1.0,'','139','user','2025-03-21 23:05:14'),
 (112,'Courgette, raw',100.0,'grams','18','user','2025-03-21 23:05:46'),
 (113,'Breadcrumbs',100.0,'grams','263','user','2025-03-21 23:06:44'),
 (114,'BBQ sauce',100.0,'grams','102','user','2025-03-21 23:07:19'),
 (116,'Crackers, that blue packet',100.0,'grams','445','user','2025-03-21 23:09:38'),
 (117,'Brie, Tesco',30.0,'grams','90','user','2025-03-21 23:10:18'),
 (118,'Brownie, generic',100.0,'grams','450','user','2025-03-21 23:15:09'),
 (119,'KFC Drumstick',1.0,'','175','user','2025-03-21 23:17:35'),
 (120,'KFC Hot wing',1.0,'','90','user','2025-03-21 23:17:41'),
 (121,'KFC Mini fillet',1.0,'','130','user','2025-03-21 23:17:50'),
 (122,'KFC Chips',1.0,'regular','245','user','2025-03-21 23:18:05'),
 (123,'Pastry, puff, Coop',100.0,'grams','390','user','2025-03-22 08:52:30'),
 (125,'Cake, chocolate, coop',51.0,'grams','216','user','2025-03-22 17:46:27'),
 (126,'Extra kcal',1.0,'','1','user','2025-03-22 17:49:03'),
 (127,'KFC cajun rice',1.0,'pot','215','user','2025-03-22 17:49:55'),
 (128,'KFC sweet chilli pot',1.0,'pot','75','user','2025-03-22 17:51:25'),
 (129,'KFC gravy',1.0,'pot','60','user','2025-03-22 17:51:40'),
 (130,'Stroganoff',100.0,'grams','167','user','2025-03-22 19:24:22'),
 (132,'Rice, brown, cooked',100.0,'grams','175','user','2025-03-22 19:29:39'),
 (135,'Chicken pie',1.0,'eighth','250','user','2025-03-22 21:32:48'),
 (137,'Panettone',100.0,'grams','376','user','2025-03-23 16:41:20'),
 (139,'KFC rice bowl',1.0,'','550','user','2025-03-23 16:43:06'),
 (140,'KFC zinger/ fillet',1.0,'','236','user','2025-03-23 16:49:24'),
 (141,'Crisps, twisty from blue bag',100.0,'grams','531','user','2025-03-23 16:58:01'),
 (160,'Courgette, raw',100.0,'grams','18','user','2025-03-23 19:50:05'),
 (165,'English muffin',1.0,'','134','user','2025-03-24 09:22:42'),
 (166,'Egg',100.0,'grams','131','user','2025-03-24 09:23:39'),
 (167,'Quinoa, raw',100.0,'grams','374','user','2025-03-24 13:04:56'),
 (168,'Tuna in water, canned, drained',100.0,'grams','115','user','2025-03-24 13:05:59'),
 (169,'Egg whites',100.0,'grams','43','user','2025-03-25 10:53:39'),
 (170,'Sour cream',100.0,'grams','194','user','2025-03-25 13:47:56'),
 (171,'Pineapple, slices, can  ',1.0,'half can','106','user','2025-03-25 14:19:38'),
 (172,'Coconut, desiccated',100.0,'grams','604','user','2025-03-25 14:21:13'),
 (174,'Chocolate, cadburys HC powder',100.0,'grams','404','user','2025-03-25 14:23:12'),
 (175,'Sweet chilli',100.0,'grams','182','user','2025-03-25 22:06:51'),
 (176,'Olives, drained',100.0,'grams','235','user','2025-03-25 22:07:33'),
 (177,'Bread sauce, sweet',100.0,'grams','170','user','2025-03-25 22:34:53'),
 (178,'Bread, wholewheat, coop',100.0,'grams','241','user','2025-03-25 22:57:54'),
 (179,'Butter spread, plant based',100.0,'grams','504','user','2025-03-26 19:19:01'),
 (180,'Sausages, from the romanian shop',100.0,'grams','432','user','2025-03-26 19:24:16'),
 (181,'Hot dog (no bread), coop',100.0,'grams','270','user','2025-03-27 12:43:58'),
 (182,'Jam, strawberry, Tesco',100.0,'grams','254','user','2025-03-27 12:45:49'),
 (184,'Coleslaw, coop',50.0,'grams','106','user','2025-03-27 13:34:50'),
 (185,'Corned beef',30.0,'grams','64','user','2025-03-27 13:36:17'),
 (186,'Corn flakes, plain',30.0,'grams','116','user','2025-03-28 19:41:52'),
 (187,'Grapes',100.0,'grams','69','user','2025-03-28 20:21:17'),
 (188,'Cauliflower-broccoli mix',100.0,'grams','30','user','2025-03-29 20:22:03'),
 (189,'Cauliflower cheese',1.0,'twelfth','100','user','2025-03-29 20:24:08'),
 (190,'Mackeral, spring water, tinned',1.0,'half tin','92','user','2025-03-31 11:45:35'),
 (191,'Hummus, Low fat, Tesco',100.0,'grams','168','user','2025-04-01 13:12:59'),
 (192,'Chicken breast, raw',100.0,'grams','106','user','2025-04-01 13:14:03'),
 (193,'Cranberry sauce, Tesco',100.0,'grams','206','user','2025-04-01 20:14:18'),
 (194,'Parsnips, raw',100.0,'grams','71','user','2025-04-01 20:16:41'),
 (195,'Green beans, frozen',100.0,'grams','22','user','2025-04-01 20:21:53'),
 (196,'Seeds sesame',100.0,'grams','565','user','2025-04-02 15:47:54'),
 (197,'Smoothie, tropical, Tesco',100.0,'grams','69','user','2025-04-02 16:15:39'),
 (198,'Cheese, reduced fat, tesco',100.0,'grams','314','user','2025-04-02 19:30:57'),
 (199,'Chicken, dark meat',100.0,'grams','178','user','2025-04-02 19:33:36'),
 (200,'Beetroot, pickled',100.0,'grams','22','user','2025-04-03 18:19:20'),
 (201,'Salad topper, Tesco',100.0,'grams','522','user','2025-04-03 18:22:06'),
 (202,'Milk, Almond, Unsweetened',100.0,'grams','15','user','2025-04-06 07:17:14'),
 (203,'Tomato, puree',100.0,'grams','82','user','2025-04-06 07:17:49'),
 (204,'KFC thigh, skinless',1.0,'','192','user','2025-04-06 18:47:15'),
 (205,'KFC hot wing, skinless',1.0,'','70','user','2025-04-06 18:47:57'),
 (206,'Seed mix (3), Asda',100.0,'grams','576','user','2025-04-07 06:53:17'),
 (207,'Ricotta',30.0,'grams','34','user','2025-04-07 13:40:17'),
 (208,'Gammon',100.0,'grams','133','user','2025-04-07 19:28:43'),
 (209,'Granola',100.0,'grams','496','user','2025-04-10 20:51:17'),
 (210,'Meringue',100.0,'grams','455','user','2025-04-10 20:51:31'),
 (212,'Yoghurt, greek, Tesco',100.0,'grams','115','user','2025-04-11 08:41:26'),
 (214,'Beans, baked in tomato sauce',100.0,'grams','129','user','2025-04-11 19:03:45');
INSERT INTO Consumed_Foods (id,food_id,quantity,kcal,date_consumed) VALUES (615,54,81.0,17,'2025-04-15'),
 (616,180,30.0,129,'2025-04-15'),
 (617,214,153.0,197,'2025-04-15'),
 (618,166,80.0,104,'2025-04-15'),
 (619,62,-6.0,-54,'2025-04-15'),
 (620,126,182.0,182,'2025-04-15'),
 (621,67,62.0,230,'2025-04-15'),
 (622,126,55.0,55,'2025-04-15'),
 (623,32,1.0,63,'2025-04-15'),
 (625,45,131.0,18,'2025-04-15'),
 (626,30,100.0,14,'2025-04-15'),
 (627,17,80.0,32,'2025-04-15'),
 (628,11,85.0,53,'2025-04-15'),
 (629,47,15.0,40,'2025-04-15'),
 (630,126,35.0,35,'2025-04-15'),
 (631,126,148.0,148,'2025-04-15'),
 (632,209,9.0,44,'2025-04-15'),
 (633,210,4.0,18,'2025-04-15');
INSERT INTO Kcal_Logs (id,kcal,date) VALUES (1,1998,'2025-03-21'),
 (2,1918,'2025-03-22'),
 (3,2020,'2025-03-23'),
 (4,1943,'2025-03-24'),
 (5,1904,'2025-03-25'),
 (6,1988,'2025-03-26'),
 (7,1927,'2025-03-27'),
 (8,2005,'2025-03-28'),
 (9,1991,'2025-03-29'),
 (10,2674,'2025-03-30'),
 (11,1998,'2025-03-31'),
 (12,2172,'2025-04-01'),
 (13,2088,'2025-04-02'),
 (14,1971,'2025-04-03'),
 (15,2127,'2025-04-04'),
 (16,2626,'2025-04-05'),
 (17,1806,'2025-04-06'),
 (18,1910,'2025-04-07'),
 (19,1980,'2025-04-08'),
 (20,1979,'2025-04-09'),
 (21,1974,'2025-04-10'),
 (22,1923,'2025-04-11'),
 (23,2015,'2025-04-12'),
 (24,2011,'2025-04-13'),
 (25,393,'2025-04-14'),
 (26,1325,'2025-04-15');
COMMIT;